order_id,date,product,quantity,unit_price,total,region,salesperson
SO-1001,2026-05-04,Mechanical Keyboard,6,112.70,676.20,North,Sofia Kowalski
SO-1002,2026-06-26,USB-C Hub,6,35.78,214.68,South,Sofia Kowalski
SO-1003,2026-03-08,Standing Desk,1,111.15,111.15,South,Elena Cohen
SO-1004,2026-02-14,Webcam 1080p,1,112.67,112.67,East,Omar Haddad
SO-1005,2026-02-22,Webcam 1080p,1,54.09,54.09,Central,Sofia Kowalski
SO-1006,2026-01-18,Desk Lamp,4,215.54,862.16,West,Omar Haddad
SO-1007,2026-04-13,Cable Organizer,3,17.52,52.56,East,Tomás Tanaka
SO-1008,2026-05-06,Noise-Cancelling Headphones,6,181.65,1089.90,West,Omar Haddad
SO-1009,2026-04-04,Laptop Stand,8,28.72,229.76,East,Sofia Kowalski
SO-1010,2026-03-01,Ergonomic Chair,7,143.97,1007.79,East,Priya Herrera
SO-1011,2026-01-27,Cable Organizer,7,147.79,1034.53,North,Priya Herrera
SO-1012,2026-05-19,Wireless Mouse,5,206.67,1033.35,North,Chen Bennett
SO-1013,2026-04-19,USB-C Hub,6,119.74,718.44,South,Tomás Tanaka
SO-1014,2026-04-16,Mechanical Keyboard,2,179.18,358.36,North,Tomás Tanaka
SO-1015,2026-06-14,External SSD 1TB,8,149.41,1195.28,East,Chen Bennett
SO-1016,2026-01-06,Ergonomic Chair,1,223.56,223.56,Central,Elena Cohen
SO-1017,2026-03-11,Desk Lamp,7,59.12,413.84,North,Chen Bennett
SO-1018,2026-04-17,Mechanical Keyboard,7,90.62,634.34,East,Priya Herrera
SO-1019,2026-01-10,Webcam 1080p,2,197.09,394.18,East,Sofia Kowalski
SO-1020,2026-06-29,Laptop Stand,4,167.13,668.52,East,Priya Herrera
SO-1021,2026-04-16,Wireless Mouse,3,63.19,189.57,South,Sofia Kowalski
SO-1022,2026-03-17,External SSD 1TB,3,36.67,110.01,East,Tomás Tanaka
SO-1023,2026-03-26,USB-C Hub,2,179.02,358.04,Central,Omar Haddad
SO-1024,2026-03-30,Desk Lamp,1,54.88,54.88,Central,Elena Cohen
SO-1025,2026-06-28,Laptop Stand,4,161.26,645.04,East,Elena Cohen
SO-1026,2026-05-21,Laptop Stand,5,214.71,1073.55,West,Sofia Kowalski
SO-1027,2026-02-11,Wireless Mouse,5,12.96,64.80,Central,Sofia Kowalski
SO-1028,2026-01-18,Cable Organizer,5,68.38,341.90,Central,Priya Herrera
SO-1029,2026-06-21,Mechanical Keyboard,4,30.61,122.44,Central,Elena Cohen
SO-1030,2026-01-24,Mechanical Keyboard,8,103.99,831.92,Central,Priya Herrera
SO-1031,2026-02-14,Desk Lamp,1,217.69,217.69,Central,Elena Cohen
SO-1032,2026-06-13,Wireless Mouse,4,248.32,993.28,North,Chen Bennett
SO-1033,2026-02-12,Laptop Stand,7,197.63,1383.41,West,Omar Haddad
SO-1034,2026-04-23,27-inch Monitor,1,153.50,153.50,East,Sofia Kowalski
SO-1035,2026-06-28,Webcam 1080p,4,202.90,811.60,South,Omar Haddad
SO-1036,2026-02-26,Wireless Mouse,5,135.96,679.80,Central,Chen Bennett
SO-1037,2026-01-02,Cable Organizer,6,74.49,446.94,East,Chen Bennett
SO-1038,2026-02-02,Wireless Mouse,4,115.64,462.56,East,Elena Cohen
SO-1039,2026-06-09,Laptop Stand,5,245.50,1227.50,Central,Elena Cohen
SO-1040,2026-04-30,Laptop Stand,5,161.72,808.60,Central,Priya Herrera
SO-1041,2026-02-26,Noise-Cancelling Headphones,1,213.38,213.38,East,Sofia Kowalski
SO-1042,2026-05-09,Cable Organizer,3,221.01,663.03,Central,Elena Cohen
SO-1043,2026-05-23,Webcam 1080p,4,158.95,635.80,North,Elena Cohen
SO-1044,2026-02-01,Cable Organizer,5,37.47,187.35,West,Omar Haddad
SO-1045,2026-04-02,Wireless Mouse,7,124.94,874.58,South,Sofia Kowalski
SO-1046,2026-05-11,Standing Desk,1,80.58,80.58,West,Chen Bennett
SO-1047,2026-01-30,External SSD 1TB,7,143.93,1007.51,East,Sofia Kowalski
SO-1048,2026-01-04,Ergonomic Chair,1,151.12,151.12,West,Tomás Tanaka
SO-1049,2026-04-12,Cable Organizer,4,84.27,337.08,South,Omar Haddad
SO-1050,2026-01-27,Wireless Mouse,1,96.96,96.96,North,Sofia Kowalski
SO-1051,2026-01-16,Ergonomic Chair,7,155.39,1087.73,Central,Omar Haddad
SO-1052,2026-03-04,Mechanical Keyboard,3,125.54,376.62,East,Sofia Kowalski
SO-1053,2026-03-22,Ergonomic Chair,5,70.79,353.95,East,Tomás Tanaka
SO-1054,2026-05-09,Noise-Cancelling Headphones,6,204.83,1228.98,Central,Sofia Kowalski
SO-1055,2026-06-23,External SSD 1TB,8,190.17,1521.36,South,Sofia Kowalski
SO-1056,2026-06-09,27-inch Monitor,7,239.78,1678.46,Central,Sofia Kowalski
SO-1057,2026-04-03,Wireless Mouse,8,14.00,112.00,West,Chen Bennett
SO-1058,2026-06-20,Wireless Mouse,2,191.22,382.44,Central,Tomás Tanaka
SO-1059,2026-06-11,Webcam 1080p,2,183.47,366.94,West,Tomás Tanaka
SO-1060,2026-06-12,27-inch Monitor,2,36.29,72.58,South,Priya Herrera
SO-1061,2026-04-27,Cable Organizer,7,208.15,1457.05,North,Tomás Tanaka
SO-1062,2026-01-10,Laptop Stand,5,103.77,518.85,East,Elena Cohen
SO-1063,2026-04-01,Cable Organizer,7,229.06,1603.42,East,Elena Cohen
SO-1064,2026-06-10,External SSD 1TB,6,132.61,795.66,South,Priya Herrera
SO-1065,2026-06-23,Wireless Mouse,7,213.29,1493.03,Central,Omar Haddad
SO-1066,2026-05-27,Ergonomic Chair,4,105.37,421.48,South,Chen Bennett
SO-1067,2026-02-18,Noise-Cancelling Headphones,1,55.16,55.16,West,Chen Bennett
SO-1068,2026-03-17,Noise-Cancelling Headphones,8,150.91,1207.28,North,Priya Herrera
SO-1069,2026-04-25,External SSD 1TB,8,55.16,441.28,North,Elena Cohen
SO-1070,2026-05-05,Laptop Stand,8,114.94,919.52,West,Tomás Tanaka
SO-1071,2026-01-21,External SSD 1TB,7,123.53,864.71,East,Priya Herrera
SO-1072,2026-04-21,Mechanical Keyboard,6,106.03,636.18,North,Tomás Tanaka
SO-1073,2026-02-16,Wireless Mouse,8,179.22,1433.76,Central,Tomás Tanaka
SO-1074,2026-04-21,Laptop Stand,7,162.66,1138.62,North,Chen Bennett
SO-1075,2026-05-02,Ergonomic Chair,5,207.98,1039.90,West,Sofia Kowalski
SO-1076,2026-05-18,27-inch Monitor,7,123.91,867.37,North,Sofia Kowalski
SO-1077,2026-05-16,Webcam 1080p,4,134.83,539.32,Central,Tomás Tanaka
SO-1078,2026-05-21,Noise-Cancelling Headphones,6,80.19,481.14,North,Omar Haddad
SO-1079,2026-04-04,Standing Desk,6,45.83,274.98,North,Omar Haddad
SO-1080,2026-03-12,Cable Organizer,7,97.22,680.54,West,Chen Bennett
SO-1081,2026-03-19,Ergonomic Chair,7,145.34,1017.38,South,Chen Bennett
SO-1082,2026-01-23,USB-C Hub,1,78.43,78.43,East,Elena Cohen
SO-1083,2026-02-22,Ergonomic Chair,4,24.31,97.24,South,Priya Herrera
SO-1084,2026-05-31,Desk Lamp,3,110.73,332.19,West,Sofia Kowalski
SO-1085,2026-03-21,External SSD 1TB,1,211.31,211.31,Central,Chen Bennett
SO-1086,2026-01-03,Webcam 1080p,6,129.28,775.68,South,Elena Cohen
SO-1087,2026-05-12,Webcam 1080p,6,119.41,716.46,East,Chen Bennett
SO-1088,2026-03-07,Cable Organizer,5,247.06,1235.30,Central,Tomás Tanaka
SO-1089,2026-06-26,External SSD 1TB,8,70.14,561.12,South,Elena Cohen
SO-1090,2026-02-05,Laptop Stand,8,190.32,1522.56,West,Tomás Tanaka
SO-1091,2026-04-26,Laptop Stand,2,47.23,94.46,Central,Sofia Kowalski
SO-1092,2026-04-30,Wireless Mouse,2,129.16,258.32,East,Sofia Kowalski
SO-1093,2026-03-24,Wireless Mouse,4,204.21,816.84,North,Priya Herrera
SO-1094,2026-03-15,Noise-Cancelling Headphones,7,101.14,707.98,Central,Elena Cohen
SO-1095,2026-06-12,Webcam 1080p,4,87.02,348.08,West,Tomás Tanaka
SO-1096,2026-01-14,USB-C Hub,3,95.05,285.15,North,Omar Haddad
SO-1097,2026-01-06,Webcam 1080p,2,157.18,314.36,East,Sofia Kowalski
SO-1098,2026-06-11,Mechanical Keyboard,7,200.15,1401.05,South,Omar Haddad
SO-1099,2026-04-09,External SSD 1TB,8,211.02,1688.16,South,Priya Herrera
SO-1100,2026-05-28,Desk Lamp,6,95.39,572.34,North,Omar Haddad
